/*
 Navicat Premium Data Transfer

 Source Server         : Mysql
 Source Server Type    : MySQL
 Source Server Version : 80033
 Source Host           : 119.3.218.15:3306
 Source Schema         : test

 Target Server Type    : MySQL
 Target Server Version : 80033
 File Encoding         : 65001

 Date: 05/03/2024 07:13:04
*/

SET NAMES utf8mb4;
SET FOREIGN_KEY_CHECKS = 0;

-- ----------------------------
-- Table structure for CLASSINFO
-- ----------------------------
DROP TABLE IF EXISTS `CLASSINFO`;
CREATE TABLE `CLASSINFO`  (
  `ID` bigint NOT NULL,
  `NAME` varchar(5) CHARACTER SET utf8mb4 COLLATE utf8mb4_0900_ai_ci NOT NULL,
  `GRADE` int NOT NULL,
  PRIMARY KEY (`ID`) USING BTREE
) ENGINE = InnoDB CHARACTER SET = utf8mb4 COLLATE = utf8mb4_0900_ai_ci ROW_FORMAT = Dynamic;

-- ----------------------------
-- Records of CLASSINFO
-- ----------------------------
INSERT INTO `CLASSINFO` VALUES (1, '一班', 1);
INSERT INTO `CLASSINFO` VALUES (2, '二班', 1);
INSERT INTO `CLASSINFO` VALUES (3, '三班', 1);

-- ----------------------------
-- Table structure for EXAMINATION
-- ----------------------------
DROP TABLE IF EXISTS `EXAMINATION`;
CREATE TABLE `EXAMINATION`  (
  `ID` bigint NOT NULL,
  `TITLE` varchar(100) CHARACTER SET utf8mb4 COLLATE utf8mb4_0900_ai_ci NOT NULL,
  `CREATEDATETIME` datetime NOT NULL,
  PRIMARY KEY (`ID`) USING BTREE,
  INDEX `INDEX_EXAMINATION`(`CREATEDATETIME`) USING BTREE
) ENGINE = InnoDB CHARACTER SET = utf8mb4 COLLATE = utf8mb4_0900_ai_ci ROW_FORMAT = Dynamic;

-- ----------------------------
-- Records of EXAMINATION
-- ----------------------------
INSERT INTO `EXAMINATION` VALUES (1, '期中考试', '2022-11-01 09:00:00');
INSERT INTO `EXAMINATION` VALUES (2, '期末考试', '2023-01-15 14:00:00');
INSERT INTO `EXAMINATION` VALUES (3, '2022-12月考', '2022-12-01 10:30:00');
INSERT INTO `EXAMINATION` VALUES (4, '2022-11月考', '2022-11-01 13:30:00');
INSERT INTO `EXAMINATION` VALUES (5, '2023-1月考', '2023-01-01 15:00:00');

-- ----------------------------
-- Table structure for SCORES
-- ----------------------------
DROP TABLE IF EXISTS `SCORES`;
CREATE TABLE `SCORES`  (
  `ID` bigint NOT NULL AUTO_INCREMENT,
  `STUDENTID` bigint NOT NULL,
  `EXAMINATIONID` bigint NOT NULL,
  `SUBJECT` int NOT NULL,
  `VALUE` decimal(4, 1) NOT NULL,
  PRIMARY KEY (`ID`) USING BTREE,
  INDEX `INDEX_SCORES`(`SUBJECT`, `EXAMINATIONID`, `STUDENTID`) USING BTREE
) ENGINE = InnoDB AUTO_INCREMENT = 451 CHARACTER SET = utf8mb4 COLLATE = utf8mb4_0900_ai_ci ROW_FORMAT = Dynamic;

-- ----------------------------
-- Records of SCORES
-- ----------------------------
INSERT INTO `SCORES` VALUES (1, 1, 1, 1, 34.0);
INSERT INTO `SCORES` VALUES (2, 2, 1, 1, 78.0);
INSERT INTO `SCORES` VALUES (3, 3, 1, 1, 91.0);
INSERT INTO `SCORES` VALUES (4, 4, 1, 1, 20.0);
INSERT INTO `SCORES` VALUES (5, 5, 1, 1, 26.0);
INSERT INTO `SCORES` VALUES (6, 6, 1, 1, 71.0);
INSERT INTO `SCORES` VALUES (7, 7, 1, 1, 79.0);
INSERT INTO `SCORES` VALUES (8, 8, 1, 1, 83.0);
INSERT INTO `SCORES` VALUES (9, 9, 1, 1, 77.0);
INSERT INTO `SCORES` VALUES (10, 10, 1, 1, 37.0);
INSERT INTO `SCORES` VALUES (11, 11, 1, 1, 56.0);
INSERT INTO `SCORES` VALUES (12, 12, 1, 1, 69.0);
INSERT INTO `SCORES` VALUES (13, 13, 1, 1, 76.0);
INSERT INTO `SCORES` VALUES (14, 14, 1, 1, 74.0);
INSERT INTO `SCORES` VALUES (15, 15, 1, 1, 44.0);
INSERT INTO `SCORES` VALUES (16, 16, 1, 1, 98.0);
INSERT INTO `SCORES` VALUES (17, 17, 1, 1, 58.0);
INSERT INTO `SCORES` VALUES (18, 18, 1, 1, 97.0);
INSERT INTO `SCORES` VALUES (19, 19, 1, 1, 9.0);
INSERT INTO `SCORES` VALUES (20, 20, 1, 1, 57.0);
INSERT INTO `SCORES` VALUES (21, 21, 1, 1, 56.0);
INSERT INTO `SCORES` VALUES (22, 22, 1, 1, 13.0);
INSERT INTO `SCORES` VALUES (23, 23, 1, 1, 96.0);
INSERT INTO `SCORES` VALUES (24, 24, 1, 1, 39.0);
INSERT INTO `SCORES` VALUES (25, 25, 1, 1, 11.0);
INSERT INTO `SCORES` VALUES (26, 26, 1, 1, 38.0);
INSERT INTO `SCORES` VALUES (27, 27, 1, 1, 55.0);
INSERT INTO `SCORES` VALUES (28, 28, 1, 1, 64.0);
INSERT INTO `SCORES` VALUES (29, 29, 1, 1, 57.0);
INSERT INTO `SCORES` VALUES (30, 30, 1, 1, 90.0);
INSERT INTO `SCORES` VALUES (31, 1, 1, 0, 81.0);
INSERT INTO `SCORES` VALUES (32, 2, 1, 0, 47.0);
INSERT INTO `SCORES` VALUES (33, 3, 1, 0, 92.0);
INSERT INTO `SCORES` VALUES (34, 4, 1, 0, 18.0);
INSERT INTO `SCORES` VALUES (35, 5, 1, 0, 17.0);
INSERT INTO `SCORES` VALUES (36, 6, 1, 0, 30.0);
INSERT INTO `SCORES` VALUES (37, 7, 1, 0, 2.0);
INSERT INTO `SCORES` VALUES (38, 8, 1, 0, 19.0);
INSERT INTO `SCORES` VALUES (39, 9, 1, 0, 88.0);
INSERT INTO `SCORES` VALUES (40, 10, 1, 0, 83.0);
INSERT INTO `SCORES` VALUES (41, 11, 1, 0, 51.0);
INSERT INTO `SCORES` VALUES (42, 12, 1, 0, 6.0);
INSERT INTO `SCORES` VALUES (43, 13, 1, 0, 79.0);
INSERT INTO `SCORES` VALUES (44, 14, 1, 0, 76.0);
INSERT INTO `SCORES` VALUES (45, 15, 1, 0, 43.0);
INSERT INTO `SCORES` VALUES (46, 16, 1, 0, 90.0);
INSERT INTO `SCORES` VALUES (47, 17, 1, 0, 22.0);
INSERT INTO `SCORES` VALUES (48, 18, 1, 0, 37.0);
INSERT INTO `SCORES` VALUES (49, 19, 1, 0, 23.0);
INSERT INTO `SCORES` VALUES (50, 20, 1, 0, 4.0);
INSERT INTO `SCORES` VALUES (51, 21, 1, 0, 52.0);
INSERT INTO `SCORES` VALUES (52, 22, 1, 0, 46.0);
INSERT INTO `SCORES` VALUES (53, 23, 1, 0, 75.0);
INSERT INTO `SCORES` VALUES (54, 24, 1, 0, 40.0);
INSERT INTO `SCORES` VALUES (55, 25, 1, 0, 73.0);
INSERT INTO `SCORES` VALUES (56, 26, 1, 0, 47.0);
INSERT INTO `SCORES` VALUES (57, 27, 1, 0, 16.0);
INSERT INTO `SCORES` VALUES (58, 28, 1, 0, 38.0);
INSERT INTO `SCORES` VALUES (59, 29, 1, 0, 44.0);
INSERT INTO `SCORES` VALUES (60, 30, 1, 0, 4.0);
INSERT INTO `SCORES` VALUES (61, 1, 1, 2, 92.0);
INSERT INTO `SCORES` VALUES (62, 2, 1, 2, 46.0);
INSERT INTO `SCORES` VALUES (63, 3, 1, 2, 55.0);
INSERT INTO `SCORES` VALUES (64, 4, 1, 2, 39.0);
INSERT INTO `SCORES` VALUES (65, 5, 1, 2, 28.0);
INSERT INTO `SCORES` VALUES (66, 6, 1, 2, 27.0);
INSERT INTO `SCORES` VALUES (67, 7, 1, 2, 48.0);
INSERT INTO `SCORES` VALUES (68, 8, 1, 2, 59.0);
INSERT INTO `SCORES` VALUES (69, 9, 1, 2, 55.0);
INSERT INTO `SCORES` VALUES (70, 10, 1, 2, 96.0);
INSERT INTO `SCORES` VALUES (71, 11, 1, 2, 17.0);
INSERT INTO `SCORES` VALUES (72, 12, 1, 2, 96.0);
INSERT INTO `SCORES` VALUES (73, 13, 1, 2, 29.0);
INSERT INTO `SCORES` VALUES (74, 14, 1, 2, 59.0);
INSERT INTO `SCORES` VALUES (75, 15, 1, 2, 10.0);
INSERT INTO `SCORES` VALUES (76, 16, 1, 2, 71.0);
INSERT INTO `SCORES` VALUES (77, 17, 1, 2, 25.0);
INSERT INTO `SCORES` VALUES (78, 18, 1, 2, 12.0);
INSERT INTO `SCORES` VALUES (79, 19, 1, 2, 85.0);
INSERT INTO `SCORES` VALUES (80, 20, 1, 2, 89.0);
INSERT INTO `SCORES` VALUES (81, 21, 1, 2, 91.0);
INSERT INTO `SCORES` VALUES (82, 22, 1, 2, 89.0);
INSERT INTO `SCORES` VALUES (83, 23, 1, 2, 72.0);
INSERT INTO `SCORES` VALUES (84, 24, 1, 2, 94.0);
INSERT INTO `SCORES` VALUES (85, 25, 1, 2, 56.0);
INSERT INTO `SCORES` VALUES (86, 26, 1, 2, 96.0);
INSERT INTO `SCORES` VALUES (87, 27, 1, 2, 15.0);
INSERT INTO `SCORES` VALUES (88, 28, 1, 2, 88.0);
INSERT INTO `SCORES` VALUES (89, 29, 1, 2, 95.0);
INSERT INTO `SCORES` VALUES (90, 30, 1, 2, 12.0);
INSERT INTO `SCORES` VALUES (91, 1, 2, 0, 74.0);
INSERT INTO `SCORES` VALUES (92, 2, 2, 0, 36.0);
INSERT INTO `SCORES` VALUES (93, 3, 2, 0, 58.0);
INSERT INTO `SCORES` VALUES (94, 4, 2, 0, 81.0);
INSERT INTO `SCORES` VALUES (95, 5, 2, 0, 32.0);
INSERT INTO `SCORES` VALUES (96, 6, 2, 0, 18.0);
INSERT INTO `SCORES` VALUES (97, 7, 2, 0, 95.0);
INSERT INTO `SCORES` VALUES (98, 8, 2, 0, 21.0);
INSERT INTO `SCORES` VALUES (99, 9, 2, 0, 19.0);
INSERT INTO `SCORES` VALUES (100, 10, 2, 0, 32.0);
INSERT INTO `SCORES` VALUES (101, 11, 2, 0, 4.0);
INSERT INTO `SCORES` VALUES (102, 12, 2, 0, 26.0);
INSERT INTO `SCORES` VALUES (103, 13, 2, 0, 16.0);
INSERT INTO `SCORES` VALUES (104, 14, 2, 0, 6.0);
INSERT INTO `SCORES` VALUES (105, 15, 2, 0, 80.0);
INSERT INTO `SCORES` VALUES (106, 16, 2, 0, 82.0);
INSERT INTO `SCORES` VALUES (107, 17, 2, 0, 72.0);
INSERT INTO `SCORES` VALUES (108, 18, 2, 0, 15.0);
INSERT INTO `SCORES` VALUES (109, 19, 2, 0, 61.0);
INSERT INTO `SCORES` VALUES (110, 20, 2, 0, 57.0);
INSERT INTO `SCORES` VALUES (111, 21, 2, 0, 5.0);
INSERT INTO `SCORES` VALUES (112, 22, 2, 0, 54.0);
INSERT INTO `SCORES` VALUES (113, 23, 2, 0, 54.0);
INSERT INTO `SCORES` VALUES (114, 24, 2, 0, 11.0);
INSERT INTO `SCORES` VALUES (115, 25, 2, 0, 91.0);
INSERT INTO `SCORES` VALUES (116, 26, 2, 0, 23.0);
INSERT INTO `SCORES` VALUES (117, 27, 2, 0, 42.0);
INSERT INTO `SCORES` VALUES (118, 28, 2, 0, 41.0);
INSERT INTO `SCORES` VALUES (119, 29, 2, 0, 79.0);
INSERT INTO `SCORES` VALUES (120, 30, 2, 0, 75.0);
INSERT INTO `SCORES` VALUES (121, 1, 2, 1, 36.0);
INSERT INTO `SCORES` VALUES (122, 2, 2, 1, 58.0);
INSERT INTO `SCORES` VALUES (123, 3, 2, 1, 83.0);
INSERT INTO `SCORES` VALUES (124, 4, 2, 1, 42.0);
INSERT INTO `SCORES` VALUES (125, 5, 2, 1, 59.0);
INSERT INTO `SCORES` VALUES (126, 6, 2, 1, 69.0);
INSERT INTO `SCORES` VALUES (127, 7, 2, 1, 69.0);
INSERT INTO `SCORES` VALUES (128, 8, 2, 1, 39.0);
INSERT INTO `SCORES` VALUES (129, 9, 2, 1, 89.0);
INSERT INTO `SCORES` VALUES (130, 10, 2, 1, 30.0);
INSERT INTO `SCORES` VALUES (131, 11, 2, 1, 82.0);
INSERT INTO `SCORES` VALUES (132, 12, 2, 1, 21.0);
INSERT INTO `SCORES` VALUES (133, 13, 2, 1, 61.0);
INSERT INTO `SCORES` VALUES (134, 14, 2, 1, 43.0);
INSERT INTO `SCORES` VALUES (135, 15, 2, 1, 30.0);
INSERT INTO `SCORES` VALUES (136, 16, 2, 1, 21.0);
INSERT INTO `SCORES` VALUES (137, 17, 2, 1, 18.0);
INSERT INTO `SCORES` VALUES (138, 18, 2, 1, 26.0);
INSERT INTO `SCORES` VALUES (139, 19, 2, 1, 75.0);
INSERT INTO `SCORES` VALUES (140, 20, 2, 1, 99.0);
INSERT INTO `SCORES` VALUES (141, 21, 2, 1, 70.0);
INSERT INTO `SCORES` VALUES (142, 22, 2, 1, 55.0);
INSERT INTO `SCORES` VALUES (143, 23, 2, 1, 64.0);
INSERT INTO `SCORES` VALUES (144, 24, 2, 1, 54.0);
INSERT INTO `SCORES` VALUES (145, 25, 2, 1, 81.0);
INSERT INTO `SCORES` VALUES (146, 26, 2, 1, 44.0);
INSERT INTO `SCORES` VALUES (147, 27, 2, 1, 75.0);
INSERT INTO `SCORES` VALUES (148, 28, 2, 1, 44.0);
INSERT INTO `SCORES` VALUES (149, 29, 2, 1, 94.0);
INSERT INTO `SCORES` VALUES (150, 30, 2, 1, 42.0);
INSERT INTO `SCORES` VALUES (151, 1, 2, 2, 26.0);
INSERT INTO `SCORES` VALUES (152, 2, 2, 2, 7.0);
INSERT INTO `SCORES` VALUES (153, 3, 2, 2, 56.0);
INSERT INTO `SCORES` VALUES (154, 4, 2, 2, 60.0);
INSERT INTO `SCORES` VALUES (155, 5, 2, 2, 31.0);
INSERT INTO `SCORES` VALUES (156, 6, 2, 2, 78.0);
INSERT INTO `SCORES` VALUES (157, 7, 2, 2, 95.0);
INSERT INTO `SCORES` VALUES (158, 8, 2, 2, 44.0);
INSERT INTO `SCORES` VALUES (159, 9, 2, 2, 35.0);
INSERT INTO `SCORES` VALUES (160, 10, 2, 2, 44.0);
INSERT INTO `SCORES` VALUES (161, 11, 2, 2, 13.0);
INSERT INTO `SCORES` VALUES (162, 12, 2, 2, 34.0);
INSERT INTO `SCORES` VALUES (163, 13, 2, 2, 32.0);
INSERT INTO `SCORES` VALUES (164, 14, 2, 2, 60.0);
INSERT INTO `SCORES` VALUES (165, 15, 2, 2, 5.0);
INSERT INTO `SCORES` VALUES (166, 16, 2, 2, 43.0);
INSERT INTO `SCORES` VALUES (167, 17, 2, 2, 3.0);
INSERT INTO `SCORES` VALUES (168, 18, 2, 2, 86.0);
INSERT INTO `SCORES` VALUES (169, 19, 2, 2, 21.0);
INSERT INTO `SCORES` VALUES (170, 20, 2, 2, 47.0);
INSERT INTO `SCORES` VALUES (171, 21, 2, 2, 72.0);
INSERT INTO `SCORES` VALUES (172, 22, 2, 2, 27.0);
INSERT INTO `SCORES` VALUES (173, 23, 2, 2, 87.0);
INSERT INTO `SCORES` VALUES (174, 24, 2, 2, 72.0);
INSERT INTO `SCORES` VALUES (175, 25, 2, 2, 1.0);
INSERT INTO `SCORES` VALUES (176, 26, 2, 2, 91.0);
INSERT INTO `SCORES` VALUES (177, 27, 2, 2, 53.0);
INSERT INTO `SCORES` VALUES (178, 28, 2, 2, 92.0);
INSERT INTO `SCORES` VALUES (179, 29, 2, 2, 2.0);
INSERT INTO `SCORES` VALUES (180, 30, 2, 2, 35.0);
INSERT INTO `SCORES` VALUES (181, 1, 3, 0, 70.0);
INSERT INTO `SCORES` VALUES (182, 2, 3, 0, 45.0);
INSERT INTO `SCORES` VALUES (183, 3, 3, 0, 14.0);
INSERT INTO `SCORES` VALUES (184, 4, 3, 0, 38.0);
INSERT INTO `SCORES` VALUES (185, 5, 3, 0, 49.0);
INSERT INTO `SCORES` VALUES (186, 6, 3, 0, 30.0);
INSERT INTO `SCORES` VALUES (187, 7, 3, 0, 3.0);
INSERT INTO `SCORES` VALUES (188, 8, 3, 0, 28.0);
INSERT INTO `SCORES` VALUES (189, 9, 3, 0, 30.0);
INSERT INTO `SCORES` VALUES (190, 10, 3, 0, 67.0);
INSERT INTO `SCORES` VALUES (191, 11, 3, 0, 46.0);
INSERT INTO `SCORES` VALUES (192, 12, 3, 0, 31.0);
INSERT INTO `SCORES` VALUES (193, 13, 3, 0, 14.0);
INSERT INTO `SCORES` VALUES (194, 14, 3, 0, 79.0);
INSERT INTO `SCORES` VALUES (195, 15, 3, 0, 55.0);
INSERT INTO `SCORES` VALUES (196, 16, 3, 0, 36.0);
INSERT INTO `SCORES` VALUES (197, 17, 3, 0, 14.0);
INSERT INTO `SCORES` VALUES (198, 18, 3, 0, 66.0);
INSERT INTO `SCORES` VALUES (199, 19, 3, 0, 88.0);
INSERT INTO `SCORES` VALUES (200, 20, 3, 0, 44.0);
INSERT INTO `SCORES` VALUES (201, 21, 3, 0, 54.0);
INSERT INTO `SCORES` VALUES (202, 22, 3, 0, 41.0);
INSERT INTO `SCORES` VALUES (203, 23, 3, 0, 41.0);
INSERT INTO `SCORES` VALUES (204, 24, 3, 0, 85.0);
INSERT INTO `SCORES` VALUES (205, 25, 3, 0, 3.0);
INSERT INTO `SCORES` VALUES (206, 26, 3, 0, 59.0);
INSERT INTO `SCORES` VALUES (207, 27, 3, 0, 87.0);
INSERT INTO `SCORES` VALUES (208, 28, 3, 0, 58.0);
INSERT INTO `SCORES` VALUES (209, 29, 3, 0, 29.0);
INSERT INTO `SCORES` VALUES (210, 30, 3, 0, 73.0);
INSERT INTO `SCORES` VALUES (211, 1, 3, 1, 78.0);
INSERT INTO `SCORES` VALUES (212, 2, 3, 1, 72.0);
INSERT INTO `SCORES` VALUES (213, 3, 3, 1, 26.0);
INSERT INTO `SCORES` VALUES (214, 4, 3, 1, 16.0);
INSERT INTO `SCORES` VALUES (215, 5, 3, 1, 3.0);
INSERT INTO `SCORES` VALUES (216, 6, 3, 1, 66.0);
INSERT INTO `SCORES` VALUES (217, 7, 3, 1, 22.0);
INSERT INTO `SCORES` VALUES (218, 8, 3, 1, 12.0);
INSERT INTO `SCORES` VALUES (219, 9, 3, 1, 94.0);
INSERT INTO `SCORES` VALUES (220, 10, 3, 1, 33.0);
INSERT INTO `SCORES` VALUES (221, 11, 3, 1, 85.0);
INSERT INTO `SCORES` VALUES (222, 12, 3, 1, 26.0);
INSERT INTO `SCORES` VALUES (223, 13, 3, 1, 75.0);
INSERT INTO `SCORES` VALUES (224, 14, 3, 1, 97.0);
INSERT INTO `SCORES` VALUES (225, 15, 3, 1, 61.0);
INSERT INTO `SCORES` VALUES (226, 16, 3, 1, 16.0);
INSERT INTO `SCORES` VALUES (227, 17, 3, 1, 97.0);
INSERT INTO `SCORES` VALUES (228, 18, 3, 1, 35.0);
INSERT INTO `SCORES` VALUES (229, 19, 3, 1, 88.0);
INSERT INTO `SCORES` VALUES (230, 20, 3, 1, 34.0);
INSERT INTO `SCORES` VALUES (231, 21, 3, 1, 8.0);
INSERT INTO `SCORES` VALUES (232, 22, 3, 1, 36.0);
INSERT INTO `SCORES` VALUES (233, 23, 3, 1, 58.0);
INSERT INTO `SCORES` VALUES (234, 24, 3, 1, 84.0);
INSERT INTO `SCORES` VALUES (235, 25, 3, 1, 45.0);
INSERT INTO `SCORES` VALUES (236, 26, 3, 1, 75.0);
INSERT INTO `SCORES` VALUES (237, 27, 3, 1, 37.0);
INSERT INTO `SCORES` VALUES (238, 28, 3, 1, 64.0);
INSERT INTO `SCORES` VALUES (239, 29, 3, 1, 10.0);
INSERT INTO `SCORES` VALUES (240, 30, 3, 1, 56.0);
INSERT INTO `SCORES` VALUES (241, 1, 3, 2, 52.0);
INSERT INTO `SCORES` VALUES (242, 2, 3, 2, 92.0);
INSERT INTO `SCORES` VALUES (243, 3, 3, 2, 3.0);
INSERT INTO `SCORES` VALUES (244, 4, 3, 2, 41.0);
INSERT INTO `SCORES` VALUES (245, 5, 3, 2, 97.0);
INSERT INTO `SCORES` VALUES (246, 6, 3, 2, 62.0);
INSERT INTO `SCORES` VALUES (247, 7, 3, 2, 20.0);
INSERT INTO `SCORES` VALUES (248, 8, 3, 2, 16.0);
INSERT INTO `SCORES` VALUES (249, 9, 3, 2, 20.0);
INSERT INTO `SCORES` VALUES (250, 10, 3, 2, 54.0);
INSERT INTO `SCORES` VALUES (251, 11, 3, 2, 8.0);
INSERT INTO `SCORES` VALUES (252, 12, 3, 2, 77.0);
INSERT INTO `SCORES` VALUES (253, 13, 3, 2, 64.0);
INSERT INTO `SCORES` VALUES (254, 14, 3, 2, 89.0);
INSERT INTO `SCORES` VALUES (255, 15, 3, 2, 53.0);
INSERT INTO `SCORES` VALUES (256, 16, 3, 2, 99.0);
INSERT INTO `SCORES` VALUES (257, 17, 3, 2, 38.0);
INSERT INTO `SCORES` VALUES (258, 18, 3, 2, 91.0);
INSERT INTO `SCORES` VALUES (259, 19, 3, 2, 44.0);
INSERT INTO `SCORES` VALUES (260, 20, 3, 2, 47.0);
INSERT INTO `SCORES` VALUES (261, 21, 3, 2, 3.0);
INSERT INTO `SCORES` VALUES (262, 22, 3, 2, 73.0);
INSERT INTO `SCORES` VALUES (263, 23, 3, 2, 59.0);
INSERT INTO `SCORES` VALUES (264, 24, 3, 2, 75.0);
INSERT INTO `SCORES` VALUES (265, 25, 3, 2, 98.0);
INSERT INTO `SCORES` VALUES (266, 26, 3, 2, 68.0);
INSERT INTO `SCORES` VALUES (267, 27, 3, 2, 46.0);
INSERT INTO `SCORES` VALUES (268, 28, 3, 2, 26.0);
INSERT INTO `SCORES` VALUES (269, 29, 3, 2, 94.0);
INSERT INTO `SCORES` VALUES (270, 30, 3, 2, 92.0);
INSERT INTO `SCORES` VALUES (271, 1, 4, 0, 78.0);
INSERT INTO `SCORES` VALUES (272, 2, 4, 0, 14.0);
INSERT INTO `SCORES` VALUES (273, 3, 4, 0, 37.0);
INSERT INTO `SCORES` VALUES (274, 4, 4, 0, 43.0);
INSERT INTO `SCORES` VALUES (275, 5, 4, 0, 3.0);
INSERT INTO `SCORES` VALUES (276, 6, 4, 0, 89.0);
INSERT INTO `SCORES` VALUES (277, 7, 4, 0, 37.0);
INSERT INTO `SCORES` VALUES (278, 8, 4, 0, 18.0);
INSERT INTO `SCORES` VALUES (279, 9, 4, 0, 80.0);
INSERT INTO `SCORES` VALUES (280, 10, 4, 0, 48.0);
INSERT INTO `SCORES` VALUES (281, 11, 4, 0, 97.0);
INSERT INTO `SCORES` VALUES (282, 12, 4, 0, 44.0);
INSERT INTO `SCORES` VALUES (283, 13, 4, 0, 28.0);
INSERT INTO `SCORES` VALUES (284, 14, 4, 0, 8.0);
INSERT INTO `SCORES` VALUES (285, 15, 4, 0, 56.0);
INSERT INTO `SCORES` VALUES (286, 16, 4, 0, 55.0);
INSERT INTO `SCORES` VALUES (287, 17, 4, 0, 10.0);
INSERT INTO `SCORES` VALUES (288, 18, 4, 0, 87.0);
INSERT INTO `SCORES` VALUES (289, 19, 4, 0, 4.0);
INSERT INTO `SCORES` VALUES (290, 20, 4, 0, 59.0);
INSERT INTO `SCORES` VALUES (291, 21, 4, 0, 85.0);
INSERT INTO `SCORES` VALUES (292, 22, 4, 0, 47.0);
INSERT INTO `SCORES` VALUES (293, 23, 4, 0, 81.0);
INSERT INTO `SCORES` VALUES (294, 24, 4, 0, 66.0);
INSERT INTO `SCORES` VALUES (295, 25, 4, 0, 87.0);
INSERT INTO `SCORES` VALUES (296, 26, 4, 0, 37.0);
INSERT INTO `SCORES` VALUES (297, 27, 4, 0, 25.0);
INSERT INTO `SCORES` VALUES (298, 28, 4, 0, 15.0);
INSERT INTO `SCORES` VALUES (299, 29, 4, 0, 2.0);
INSERT INTO `SCORES` VALUES (300, 30, 4, 0, 63.0);
INSERT INTO `SCORES` VALUES (301, 1, 4, 1, 11.0);
INSERT INTO `SCORES` VALUES (302, 2, 4, 1, 67.0);
INSERT INTO `SCORES` VALUES (303, 3, 4, 1, 1.0);
INSERT INTO `SCORES` VALUES (304, 4, 4, 1, 5.0);
INSERT INTO `SCORES` VALUES (305, 5, 4, 1, 21.0);
INSERT INTO `SCORES` VALUES (306, 6, 4, 1, 93.0);
INSERT INTO `SCORES` VALUES (307, 7, 4, 1, 99.0);
INSERT INTO `SCORES` VALUES (308, 8, 4, 1, 20.0);
INSERT INTO `SCORES` VALUES (309, 9, 4, 1, 2.0);
INSERT INTO `SCORES` VALUES (310, 10, 4, 1, 50.0);
INSERT INTO `SCORES` VALUES (311, 11, 4, 1, 46.0);
INSERT INTO `SCORES` VALUES (312, 12, 4, 1, 79.0);
INSERT INTO `SCORES` VALUES (313, 13, 4, 1, 60.0);
INSERT INTO `SCORES` VALUES (314, 14, 4, 1, 61.0);
INSERT INTO `SCORES` VALUES (315, 15, 4, 1, 27.0);
INSERT INTO `SCORES` VALUES (316, 16, 4, 1, 51.0);
INSERT INTO `SCORES` VALUES (317, 17, 4, 1, 75.0);
INSERT INTO `SCORES` VALUES (318, 18, 4, 1, 21.0);
INSERT INTO `SCORES` VALUES (319, 19, 4, 1, 83.0);
INSERT INTO `SCORES` VALUES (320, 20, 4, 1, 52.0);
INSERT INTO `SCORES` VALUES (321, 21, 4, 1, 10.0);
INSERT INTO `SCORES` VALUES (322, 22, 4, 1, 97.0);
INSERT INTO `SCORES` VALUES (323, 23, 4, 1, 56.0);
INSERT INTO `SCORES` VALUES (324, 24, 4, 1, 87.0);
INSERT INTO `SCORES` VALUES (325, 25, 4, 1, 66.0);
INSERT INTO `SCORES` VALUES (326, 26, 4, 1, 73.0);
INSERT INTO `SCORES` VALUES (327, 27, 4, 1, 66.0);
INSERT INTO `SCORES` VALUES (328, 28, 4, 1, 10.0);
INSERT INTO `SCORES` VALUES (329, 29, 4, 1, 52.0);
INSERT INTO `SCORES` VALUES (330, 30, 4, 1, 31.0);
INSERT INTO `SCORES` VALUES (331, 1, 4, 2, 1.0);
INSERT INTO `SCORES` VALUES (332, 2, 4, 2, 13.0);
INSERT INTO `SCORES` VALUES (333, 3, 4, 2, 61.0);
INSERT INTO `SCORES` VALUES (334, 4, 4, 2, 65.0);
INSERT INTO `SCORES` VALUES (335, 5, 4, 2, 44.0);
INSERT INTO `SCORES` VALUES (336, 6, 4, 2, 24.0);
INSERT INTO `SCORES` VALUES (337, 7, 4, 2, 89.0);
INSERT INTO `SCORES` VALUES (338, 8, 4, 2, 74.0);
INSERT INTO `SCORES` VALUES (339, 9, 4, 2, 3.0);
INSERT INTO `SCORES` VALUES (340, 10, 4, 2, 92.0);
INSERT INTO `SCORES` VALUES (341, 11, 4, 2, 54.0);
INSERT INTO `SCORES` VALUES (342, 12, 4, 2, 95.0);
INSERT INTO `SCORES` VALUES (343, 13, 4, 2, 13.0);
INSERT INTO `SCORES` VALUES (344, 14, 4, 2, 78.0);
INSERT INTO `SCORES` VALUES (345, 15, 4, 2, 55.0);
INSERT INTO `SCORES` VALUES (346, 16, 4, 2, 38.0);
INSERT INTO `SCORES` VALUES (347, 17, 4, 2, 28.0);
INSERT INTO `SCORES` VALUES (348, 18, 4, 2, 27.0);
INSERT INTO `SCORES` VALUES (349, 19, 4, 2, 49.0);
INSERT INTO `SCORES` VALUES (350, 20, 4, 2, 64.0);
INSERT INTO `SCORES` VALUES (351, 21, 4, 2, 75.0);
INSERT INTO `SCORES` VALUES (352, 22, 4, 2, 84.0);
INSERT INTO `SCORES` VALUES (353, 23, 4, 2, 93.0);
INSERT INTO `SCORES` VALUES (354, 24, 4, 2, 15.0);
INSERT INTO `SCORES` VALUES (355, 25, 4, 2, 96.0);
INSERT INTO `SCORES` VALUES (356, 26, 4, 2, 34.0);
INSERT INTO `SCORES` VALUES (357, 27, 4, 2, 83.0);
INSERT INTO `SCORES` VALUES (358, 28, 4, 2, 16.0);
INSERT INTO `SCORES` VALUES (359, 29, 4, 2, 31.0);
INSERT INTO `SCORES` VALUES (360, 30, 4, 2, 5.0);
INSERT INTO `SCORES` VALUES (361, 1, 5, 0, 36.0);
INSERT INTO `SCORES` VALUES (362, 2, 5, 0, 64.0);
INSERT INTO `SCORES` VALUES (363, 3, 5, 0, 12.0);
INSERT INTO `SCORES` VALUES (364, 4, 5, 0, 67.0);
INSERT INTO `SCORES` VALUES (365, 5, 5, 0, 1.0);
INSERT INTO `SCORES` VALUES (366, 6, 5, 0, 4.0);
INSERT INTO `SCORES` VALUES (367, 7, 5, 0, 16.0);
INSERT INTO `SCORES` VALUES (368, 8, 5, 0, 72.0);
INSERT INTO `SCORES` VALUES (369, 9, 5, 0, 10.0);
INSERT INTO `SCORES` VALUES (370, 10, 5, 0, 33.0);
INSERT INTO `SCORES` VALUES (371, 11, 5, 0, 37.0);
INSERT INTO `SCORES` VALUES (372, 12, 5, 0, 88.0);
INSERT INTO `SCORES` VALUES (373, 13, 5, 0, 28.0);
INSERT INTO `SCORES` VALUES (374, 14, 5, 0, 75.0);
INSERT INTO `SCORES` VALUES (375, 15, 5, 0, 93.0);
INSERT INTO `SCORES` VALUES (376, 16, 5, 0, 41.0);
INSERT INTO `SCORES` VALUES (377, 17, 5, 0, 28.0);
INSERT INTO `SCORES` VALUES (378, 18, 5, 0, 15.0);
INSERT INTO `SCORES` VALUES (379, 19, 5, 0, 93.0);
INSERT INTO `SCORES` VALUES (380, 20, 5, 0, 19.0);
INSERT INTO `SCORES` VALUES (381, 21, 5, 0, 15.0);
INSERT INTO `SCORES` VALUES (382, 22, 5, 0, 22.0);
INSERT INTO `SCORES` VALUES (383, 23, 5, 0, 64.0);
INSERT INTO `SCORES` VALUES (384, 24, 5, 0, 56.0);
INSERT INTO `SCORES` VALUES (385, 25, 5, 0, 88.0);
INSERT INTO `SCORES` VALUES (386, 26, 5, 0, 71.0);
INSERT INTO `SCORES` VALUES (387, 27, 5, 0, 91.0);
INSERT INTO `SCORES` VALUES (388, 28, 5, 0, 42.0);
INSERT INTO `SCORES` VALUES (389, 29, 5, 0, 40.0);
INSERT INTO `SCORES` VALUES (390, 30, 5, 0, 72.0);
INSERT INTO `SCORES` VALUES (391, 1, 5, 1, 43.0);
INSERT INTO `SCORES` VALUES (392, 2, 5, 1, 98.0);
INSERT INTO `SCORES` VALUES (393, 3, 5, 1, 62.0);
INSERT INTO `SCORES` VALUES (394, 4, 5, 1, 17.0);
INSERT INTO `SCORES` VALUES (395, 5, 5, 1, 0.0);
INSERT INTO `SCORES` VALUES (396, 6, 5, 1, 50.0);
INSERT INTO `SCORES` VALUES (397, 7, 5, 1, 50.0);
INSERT INTO `SCORES` VALUES (398, 8, 5, 1, 1.0);
INSERT INTO `SCORES` VALUES (399, 9, 5, 1, 53.0);
INSERT INTO `SCORES` VALUES (400, 10, 5, 1, 64.0);
INSERT INTO `SCORES` VALUES (401, 11, 5, 1, 60.0);
INSERT INTO `SCORES` VALUES (402, 12, 5, 1, 9.0);
INSERT INTO `SCORES` VALUES (403, 13, 5, 1, 68.0);
INSERT INTO `SCORES` VALUES (404, 14, 5, 1, 12.0);
INSERT INTO `SCORES` VALUES (405, 15, 5, 1, 56.0);
INSERT INTO `SCORES` VALUES (406, 16, 5, 1, 46.0);
INSERT INTO `SCORES` VALUES (407, 17, 5, 1, 61.0);
INSERT INTO `SCORES` VALUES (408, 18, 5, 1, 69.0);
INSERT INTO `SCORES` VALUES (409, 19, 5, 1, 63.0);
INSERT INTO `SCORES` VALUES (410, 20, 5, 1, 8.0);
INSERT INTO `SCORES` VALUES (411, 21, 5, 1, 49.0);
INSERT INTO `SCORES` VALUES (412, 22, 5, 1, 24.0);
INSERT INTO `SCORES` VALUES (413, 23, 5, 1, 73.0);
INSERT INTO `SCORES` VALUES (414, 24, 5, 1, 93.0);
INSERT INTO `SCORES` VALUES (415, 25, 5, 1, 47.0);
INSERT INTO `SCORES` VALUES (416, 26, 5, 1, 58.0);
INSERT INTO `SCORES` VALUES (417, 27, 5, 1, 50.0);
INSERT INTO `SCORES` VALUES (418, 28, 5, 1, 75.0);
INSERT INTO `SCORES` VALUES (419, 29, 5, 1, 27.0);
INSERT INTO `SCORES` VALUES (420, 30, 5, 1, 12.0);
INSERT INTO `SCORES` VALUES (421, 1, 5, 2, 76.0);
INSERT INTO `SCORES` VALUES (422, 2, 5, 2, 46.0);
INSERT INTO `SCORES` VALUES (423, 3, 5, 2, 1.0);
INSERT INTO `SCORES` VALUES (424, 4, 5, 2, 69.0);
INSERT INTO `SCORES` VALUES (425, 5, 5, 2, 42.0);
INSERT INTO `SCORES` VALUES (426, 6, 5, 2, 2.0);
INSERT INTO `SCORES` VALUES (427, 7, 5, 2, 85.0);
INSERT INTO `SCORES` VALUES (428, 8, 5, 2, 20.0);
INSERT INTO `SCORES` VALUES (429, 9, 5, 2, 44.0);
INSERT INTO `SCORES` VALUES (430, 10, 5, 2, 60.0);
INSERT INTO `SCORES` VALUES (431, 11, 5, 2, 68.0);
INSERT INTO `SCORES` VALUES (432, 12, 5, 2, 61.0);
INSERT INTO `SCORES` VALUES (433, 13, 5, 2, 2.0);
INSERT INTO `SCORES` VALUES (434, 14, 5, 2, 27.0);
INSERT INTO `SCORES` VALUES (435, 15, 5, 2, 29.0);
INSERT INTO `SCORES` VALUES (436, 16, 5, 2, 67.0);
INSERT INTO `SCORES` VALUES (437, 17, 5, 2, 46.0);
INSERT INTO `SCORES` VALUES (438, 18, 5, 2, 30.0);
INSERT INTO `SCORES` VALUES (439, 19, 5, 2, 13.0);
INSERT INTO `SCORES` VALUES (440, 20, 5, 2, 75.0);
INSERT INTO `SCORES` VALUES (441, 21, 5, 2, 39.0);
INSERT INTO `SCORES` VALUES (442, 22, 5, 2, 68.0);
INSERT INTO `SCORES` VALUES (443, 23, 5, 2, 23.0);
INSERT INTO `SCORES` VALUES (444, 24, 5, 2, 10.0);
INSERT INTO `SCORES` VALUES (445, 25, 5, 2, 84.0);
INSERT INTO `SCORES` VALUES (446, 26, 5, 2, 90.0);
INSERT INTO `SCORES` VALUES (447, 27, 5, 2, 97.0);
INSERT INTO `SCORES` VALUES (448, 28, 5, 2, 16.0);
INSERT INTO `SCORES` VALUES (449, 29, 5, 2, 89.0);
INSERT INTO `SCORES` VALUES (450, 30, 5, 2, 96.0);

-- ----------------------------
-- Table structure for STUDENT
-- ----------------------------
DROP TABLE IF EXISTS `STUDENT`;
CREATE TABLE `STUDENT`  (
  `ID` bigint NOT NULL AUTO_INCREMENT,
  `NAME` varchar(50) CHARACTER SET utf8mb4 COLLATE utf8mb4_0900_ai_ci NOT NULL,
  `SEX` tinyint(1) NOT NULL,
  `STATUS` int NOT NULL,
  `JOINTIME` datetime NOT NULL,
  PRIMARY KEY (`ID`) USING BTREE,
  INDEX `INDEX_STUDENT`(`STATUS`, `JOINTIME`) USING BTREE
) ENGINE = InnoDB AUTO_INCREMENT = 31 CHARACTER SET = utf8mb4 COLLATE = utf8mb4_0900_ai_ci ROW_FORMAT = Dynamic;

-- ----------------------------
-- Records of STUDENT
-- ----------------------------
INSERT INTO `STUDENT` VALUES (1, '张三', 0, 0, '2022-09-01 00:00:00');
INSERT INTO `STUDENT` VALUES (2, '李四', 1, 1, '2022-09-01 00:00:00');
INSERT INTO `STUDENT` VALUES (3, '王五', 0, 2, '2022-09-01 00:00:00');
INSERT INTO `STUDENT` VALUES (4, '小六', 1, 3, '2022-09-01 00:00:00');
INSERT INTO `STUDENT` VALUES (5, '李五', 0, 1, '2022-09-01 00:00:00');
INSERT INTO `STUDENT` VALUES (6, '王八', 1, 4, '2022-09-01 00:00:00');
INSERT INTO `STUDENT` VALUES (7, '小七', 1, 2, '2022-09-01 00:00:00');
INSERT INTO `STUDENT` VALUES (8, '琪八', 0, 3, '2022-09-01 00:00:00');
INSERT INTO `STUDENT` VALUES (9, '杜娇', 1, 3, '2022-09-01 00:00:00');
INSERT INTO `STUDENT` VALUES (10, '啊玖', 1, 2, '2022-09-01 00:00:00');
INSERT INTO `STUDENT` VALUES (11, '褚十三', 0, 0, '2022-09-01 00:00:00');
INSERT INTO `STUDENT` VALUES (12, '卫十四', 1, 1, '2022-09-01 00:00:00');
INSERT INTO `STUDENT` VALUES (13, '蒋十五', 0, 2, '2022-09-01 00:00:00');
INSERT INTO `STUDENT` VALUES (14, '沈十六', 1, 3, '2022-09-01 00:00:00');
INSERT INTO `STUDENT` VALUES (15, '韩十七', 0, 4, '2022-09-01 00:00:00');
INSERT INTO `STUDENT` VALUES (16, '杨十八', 1, 0, '2022-09-01 00:00:00');
INSERT INTO `STUDENT` VALUES (17, '朱十九', 0, 1, '2022-09-01 00:00:00');
INSERT INTO `STUDENT` VALUES (18, '秦二十', 1, 2, '2022-09-01 00:00:00');
INSERT INTO `STUDENT` VALUES (19, '尤二十一', 0, 3, '2022-09-01 00:00:00');
INSERT INTO `STUDENT` VALUES (20, '许二十二', 1, 4, '2022-09-01 00:00:00');
INSERT INTO `STUDENT` VALUES (21, '何二十三', 0, 0, '2022-09-01 00:00:00');
INSERT INTO `STUDENT` VALUES (22, '吕二十四', 1, 1, '2022-09-01 00:00:00');
INSERT INTO `STUDENT` VALUES (23, '施二十五', 0, 2, '2022-09-01 00:00:00');
INSERT INTO `STUDENT` VALUES (24, '张二十六', 1, 3, '2022-09-01 00:00:00');
INSERT INTO `STUDENT` VALUES (25, '孔二十七', 0, 4, '2022-09-01 00:00:00');
INSERT INTO `STUDENT` VALUES (26, '曹二十八', 1, 0, '2022-09-01 00:00:00');
INSERT INTO `STUDENT` VALUES (27, '严二十九', 0, 1, '2022-09-01 00:00:00');
INSERT INTO `STUDENT` VALUES (28, '华三十', 1, 2, '2022-09-01 00:00:00');
INSERT INTO `STUDENT` VALUES (29, '金三十一', 0, 3, '2022-09-01 00:00:00');
INSERT INTO `STUDENT` VALUES (30, '魏三十二', 1, 4, '2022-09-01 00:00:00');

-- ----------------------------
-- Table structure for STUDENTCLASS
-- ----------------------------
DROP TABLE IF EXISTS `STUDENTCLASS`;
CREATE TABLE `STUDENTCLASS`  (
  `ID` bigint NOT NULL,
  `STUDENTID` bigint NOT NULL,
  `CLASSID` bigint NOT NULL,
  `JOINTIME` datetime NOT NULL,
  PRIMARY KEY (`ID`) USING BTREE,
  INDEX `INDEX_STUDENTCLASS`(`JOINTIME`, `CLASSID`, `STUDENTID`) USING BTREE
) ENGINE = InnoDB CHARACTER SET = utf8mb4 COLLATE = utf8mb4_0900_ai_ci ROW_FORMAT = Dynamic;

-- ----------------------------
-- Records of STUDENTCLASS
-- ----------------------------
INSERT INTO `STUDENTCLASS` VALUES (1, 1, 1, '2022-09-01 00:00:00');
INSERT INTO `STUDENTCLASS` VALUES (12, 12, 1, '2022-09-01 00:00:00');
INSERT INTO `STUDENTCLASS` VALUES (14, 14, 1, '2022-09-01 00:00:00');
INSERT INTO `STUDENTCLASS` VALUES (16, 16, 1, '2022-09-01 00:00:00');
INSERT INTO `STUDENTCLASS` VALUES (20, 20, 1, '2022-09-01 00:00:00');
INSERT INTO `STUDENTCLASS` VALUES (22, 22, 1, '2022-09-01 00:00:00');
INSERT INTO `STUDENTCLASS` VALUES (23, 23, 1, '2022-09-01 00:00:00');
INSERT INTO `STUDENTCLASS` VALUES (24, 24, 1, '2022-09-01 00:00:00');
INSERT INTO `STUDENTCLASS` VALUES (25, 25, 1, '2022-09-01 00:00:00');
INSERT INTO `STUDENTCLASS` VALUES (3, 3, 2, '2022-09-01 00:00:00');
INSERT INTO `STUDENTCLASS` VALUES (11, 11, 2, '2022-09-01 00:00:00');
INSERT INTO `STUDENTCLASS` VALUES (15, 15, 2, '2022-09-01 00:00:00');
INSERT INTO `STUDENTCLASS` VALUES (17, 17, 2, '2022-09-01 00:00:00');
INSERT INTO `STUDENTCLASS` VALUES (26, 26, 2, '2022-09-01 00:00:00');
INSERT INTO `STUDENTCLASS` VALUES (27, 27, 2, '2022-09-01 00:00:00');
INSERT INTO `STUDENTCLASS` VALUES (28, 28, 2, '2022-09-01 00:00:00');
INSERT INTO `STUDENTCLASS` VALUES (29, 29, 2, '2022-09-01 00:00:00');
INSERT INTO `STUDENTCLASS` VALUES (30, 30, 2, '2022-09-01 00:00:00');
INSERT INTO `STUDENTCLASS` VALUES (2, 2, 3, '2022-09-01 00:00:00');
INSERT INTO `STUDENTCLASS` VALUES (4, 4, 3, '2022-09-01 00:00:00');
INSERT INTO `STUDENTCLASS` VALUES (5, 5, 3, '2022-09-01 00:00:00');
INSERT INTO `STUDENTCLASS` VALUES (6, 6, 3, '2022-09-01 00:00:00');
INSERT INTO `STUDENTCLASS` VALUES (7, 7, 3, '2022-09-01 00:00:00');
INSERT INTO `STUDENTCLASS` VALUES (8, 8, 3, '2022-09-01 00:00:00');
INSERT INTO `STUDENTCLASS` VALUES (9, 9, 3, '2022-09-01 00:00:00');
INSERT INTO `STUDENTCLASS` VALUES (10, 10, 3, '2022-09-01 00:00:00');
INSERT INTO `STUDENTCLASS` VALUES (13, 13, 3, '2022-09-01 00:00:00');
INSERT INTO `STUDENTCLASS` VALUES (18, 18, 3, '2022-09-01 00:00:00');
INSERT INTO `STUDENTCLASS` VALUES (19, 19, 3, '2022-09-01 00:00:00');
INSERT INTO `STUDENTCLASS` VALUES (21, 21, 3, '2022-09-01 00:00:00');

-- ----------------------------
-- Table structure for USERS
-- ----------------------------
DROP TABLE IF EXISTS `USERS`;
CREATE TABLE `USERS`  (
  `name` varchar(255) CHARACTER SET utf8mb4 COLLATE utf8mb4_0900_ai_ci NULL DEFAULT NULL,
  `password` varchar(255) CHARACTER SET utf8mb4 COLLATE utf8mb4_0900_ai_ci NULL DEFAULT NULL,
  `createdate` datetime NULL DEFAULT NULL,
  `Isdeleted` tinyint(1) NULL DEFAULT NULL,
  `id` int NOT NULL AUTO_INCREMENT,
  PRIMARY KEY (`id`) USING BTREE
) ENGINE = InnoDB AUTO_INCREMENT = 3 CHARACTER SET = utf8mb4 COLLATE = utf8mb4_0900_ai_ci ROW_FORMAT = Dynamic;

-- ----------------------------
-- Records of USERS
-- ----------------------------
INSERT INTO `USERS` VALUES ('lbh', '123456', '2024-02-25 11:54:55', 0, 1);
INSERT INTO `USERS` VALUES ('123123', '123123', '2024-02-25 13:54:05', 0, 2);

SET FOREIGN_KEY_CHECKS = 1;
